dt,currency,rate_to_rub,nominal
2016-02-16,EUR,87.1905,1
2016-02-16,GBP,112.7876,1
2016-02-16,RUB,1,1
2016-02-16,USD,77.7792,1
2016-07-03,EUR,71.0519,1
2016-07-03,GBP,85.1804,1
2016-07-03,RUB,1,1
2016-07-03,USD,64.0165,1
2016-01-01,EUR,79.6395,1
2016-01-01,GBP,108.2426,1
2016-01-01,RUB,1,1
2016-01-01,USD,72.9299,1
2016-10-03,EUR,70.9338,1
2016-10-03,GBP,82.1359,1
2016-10-03,RUB,1,1
2016-10-03,USD,63.396,1
2016-08-18,EUR,72.0832,1
2016-08-18,GBP,83.423,1
2016-08-18,RUB,1,1
2016-08-18,USD,63.9943,1
2016-02-17,EUR,85.0894,1
2016-02-17,GBP,110.3036,1
2016-02-17,RUB,1,1
2016-02-17,USD,76.245,1
2016-01-02,EUR,79.6395,1
2016-01-02,GBP,108.2426,1
2016-01-02,RUB,1,1
2016-01-02,USD,72.9299,1
2016-07-04,EUR,71.0519,1
2016-07-04,GBP,85.1804,1
2016-07-04,RUB,1,1
2016-07-04,USD,64.0165,1
2016-04-02,EUR,76.4266,1
2016-04-02,GBP,96.4145,1
2016-04-02,RUB,1,1
2016-04-02,USD,67.141,1
2016-11-18,EUR,69.4984,1
2016-11-18,GBP,80.8197,1
2016-11-18,RUB,1,1
2016-11-18,USD,64.9154,1
2016-10-04,EUR,70.2411,1
2016-10-04,GBP,80.4113,1
2016-10-04,RUB,1,1
2016-10-04,USD,62.5477,1
2016-02-18,EUR,86.9588,1
2016-02-18,GBP,111.0768,1
2016-02-18,RUB,1,1
2016-02-18,USD,77.8503,1
2016-01-03,EUR,79.6395,1
2016-01-03,GBP,108.2426,1
2016-01-03,RUB,1,1
2016-01-03,USD,72.9299,1
2016-08-19,EUR,71.9371,1
2016-08-19,GBP,83.1471,1
2016-08-19,RUB,1,1
2016-08-19,USD,63.5487,1
2016-11-19,EUR,68.9889,1
2016-11-19,GBP,80.792,1
2016-11-19,RUB,1,1
2016-11-19,USD,65.1023,1
2016-04-03,EUR,76.4266,1
2016-04-03,GBP,96.4145,1
2016-04-03,RUB,1,1
2016-04-03,USD,67.141,1
2016-07-05,EUR,70.8553,1
2016-07-05,GBP,84.6302,1
2016-07-05,RUB,1,1
2016-07-05,USD,63.6844,1
2016-02-19,EUR,84.0521,1
2016-02-19,GBP,107.791,1
2016-02-19,RUB,1,1
2016-02-19,USD,75.4575,1
2016-05-18,EUR,73.1006,1
2016-05-18,GBP,93.4999,1
2016-05-18,RUB,1,1
2016-05-18,USD,64.5138,1
2016-10-05,EUR,69.7556,1
2016-10-05,GBP,79.7573,1
2016-10-05,RUB,1,1
2016-10-05,USD,62.4323,1
2016-11-20,EUR,68.9889,1
2016-11-20,GBP,80.792,1
2016-11-20,RUB,1,1
2016-11-20,USD,65.1023,1
2016-04-04,EUR,76.4266,1
2016-04-04,GBP,96.4145,1
2016-04-04,RUB,1,1
2016-04-04,USD,67.141,1
2016-08-20,EUR,72.4558,1
2016-08-20,GBP,83.8625,1
2016-08-20,RUB,1,1
2016-08-20,USD,63.9391,1
2016-01-04,EUR,79.6395,1
2016-01-04,GBP,108.2426,1
2016-01-04,RUB,1,1
2016-01-04,USD,72.9299,1
2016-07-06,EUR,71.6327,1
2016-07-06,GBP,84.634,1
2016-07-06,RUB,1,1
2016-07-06,USD,64.2676,1
2016-02-20,EUR,84.9187,1
2016-02-20,GBP,109.3633,1
2016-02-20,RUB,1,1
2016-02-20,USD,76.3657,1
2016-10-06,EUR,70.0782,1
2016-10-06,GBP,79.5094,1
2016-10-06,RUB,1,1
2016-10-06,USD,62.4583,1
2016-05-19,EUR,73.3077,1
2016-05-19,GBP,93.9005,1
2016-05-19,RUB,1,1
2016-05-19,USD,65.0641,1
2016-04-05,EUR,78.1662,1
2016-04-05,GBP,97.6288,1
2016-04-05,RUB,1,1
2016-04-05,USD,68.6753,1
2016-11-21,EUR,68.9889,1
2016-11-21,GBP,80.792,1
2016-11-21,RUB,1,1
2016-11-21,USD,65.1023,1
2016-08-21,EUR,72.4558,1
2016-08-21,GBP,83.8625,1
2016-08-21,RUB,1,1
2016-08-21,USD,63.9391,1
2016-01-05,EUR,79.6395,1
2016-01-05,GBP,108.2426,1
2016-01-05,RUB,1,1
2016-01-05,USD,72.9299,1
2016-07-07,EUR,71.5135,1
2016-07-07,GBP,83.677,1
2016-07-07,RUB,1,1
2016-07-07,USD,64.6304,1
2016-02-21,EUR,85.8563,1
2016-02-21,GBP,111.1249,1
2016-02-21,RUB,1,1
2016-02-21,USD,77.1326,1
2016-05-20,EUR,74.2755,1
2016-05-20,GBP,96.8535,1
2016-05-20,RUB,1,1
2016-05-20,USD,66.211,1
2016-10-07,EUR,69.8518,1
2016-10-07,GBP,79.385,1
2016-10-07,RUB,1,1
2016-10-07,USD,62.39,1
2016-04-06,EUR,78.2798,1
2016-04-06,GBP,97.9617,1
2016-04-06,RUB,1,1
2016-04-06,USD,68.8901,1
2016-08-22,EUR,72.4558,1
2016-08-22,GBP,83.8625,1
2016-08-22,RUB,1,1
2016-08-22,USD,63.9391,1
2016-11-22,EUR,68.3611,1
2016-11-22,GBP,79.4435,1
2016-11-22,RUB,1,1
2016-11-22,USD,64.358,1
2016-01-06,EUR,79.6395,1
2016-01-06,GBP,108.2426,1
2016-01-06,RUB,1,1
2016-01-06,USD,72.9299,1
2016-07-08,EUR,70.9482,1
2016-07-08,GBP,83.1433,1
2016-07-08,RUB,1,1
2016-07-08,USD,64.05,1
2016-05-21,EUR,74.4623,1
2016-05-21,GBP,96.6523,1
2016-05-21,RUB,1,1
2016-05-21,USD,66.3775,1
2016-02-22,EUR,85.8563,1
2016-02-22,GBP,111.1249,1
2016-02-22,RUB,1,1
2016-02-22,USD,77.1326,1
2016-10-08,EUR,69.2312,1
2016-10-08,GBP,77.5611,1
2016-10-08,RUB,1,1
2016-10-08,USD,62.3031,1
2016-08-23,EUR,72.4457,1
2016-08-23,GBP,84.0223,1
2016-08-23,RUB,1,1
2016-08-23,USD,64.2078,1
2016-11-23,EUR,67.5413,1
2016-11-23,GBP,79.4398,1
2016-11-23,RUB,1,1
2016-11-23,USD,63.6282,1
2016-04-07,EUR,77.813,1
2016-04-07,GBP,96.6701,1
2016-04-07,RUB,1,1
2016-04-07,USD,68.5215,1
2016-07-09,EUR,71.1684,1
2016-07-09,GBP,83.1508,1
2016-07-09,RUB,1,1
2016-07-09,USD,64.2488,1
2016-05-22,EUR,74.4623,1
2016-05-22,GBP,96.6523,1
2016-05-22,RUB,1,1
2016-05-22,USD,66.3775,1
2016-08-24,EUR,73.4733,1
2016-08-24,GBP,85.4878,1
2016-08-24,RUB,1,1
2016-08-24,USD,64.7684,1
2016-01-07,EUR,79.6395,1
2016-01-07,GBP,108.2426,1
2016-01-07,RUB,1,1
2016-01-07,USD,72.9299,1
2016-02-23,EUR,85.8563,1
2016-02-23,GBP,111.1249,1
2016-02-23,RUB,1,1
2016-02-23,USD,77.1326,1
2016-11-24,EUR,68.054,1
2016-11-24,GBP,79.4156,1
2016-11-24,RUB,1,1
2016-11-24,USD,64.0087,1
2016-04-08,EUR,77.3688,1
2016-04-08,GBP,95.4229,1
2016-04-08,RUB,1,1
2016-04-08,USD,67.796,1
2016-07-10,EUR,71.1684,1
2016-07-10,GBP,83.1508,1
2016-07-10,RUB,1,1
2016-07-10,USD,64.2488,1
2016-10-09,EUR,69.2312,1
2016-10-09,GBP,77.5611,1
2016-10-09,RUB,1,1
2016-10-09,USD,62.3031,1
2016-11-25,EUR,68.0855,1
2016-11-25,GBP,80.2937,1
2016-11-25,RUB,1,1
2016-11-25,USD,64.6279,1
2016-02-24,EUR,85.8563,1
2016-02-24,GBP,111.1249,1
2016-02-24,RUB,1,1
2016-02-24,USD,77.1326,1
2016-05-23,EUR,74.4623,1
2016-05-23,GBP,96.6523,1
2016-05-23,RUB,1,1
2016-05-23,USD,66.3775,1
2016-04-09,EUR,76.6888,1
2016-04-09,GBP,95.3028,1
2016-04-09,RUB,1,1
2016-04-09,USD,67.4662,1
2016-07-11,EUR,71.1684,1
2016-07-11,GBP,83.1508,1
2016-07-11,RUB,1,1
2016-07-11,USD,64.2488,1
2016-01-08,EUR,79.6395,1
2016-01-08,GBP,108.2426,1
2016-01-08,RUB,1,1
2016-01-08,USD,72.9299,1
2016-10-10,EUR,69.2312,1
2016-10-10,GBP,77.5611,1
2016-10-10,RUB,1,1
2016-10-10,USD,62.3031,1
2016-11-26,EUR,68.4363,1
2016-11-26,GBP,80.3647,1
2016-11-26,RUB,1,1
2016-11-26,USD,64.6174,1
2016-08-25,EUR,73.2074,1
2016-08-25,GBP,85.6582,1
2016-08-25,RUB,1,1
2016-08-25,USD,64.814,1
2016-02-25,EUR,84.0779,1
2016-02-25,GBP,106.843,1
2016-02-25,RUB,1,1
2016-02-25,USD,76.3928,1
2016-05-24,EUR,75.2675,1
2016-05-24,GBP,97.4602,1
2016-05-24,RUB,1,1
2016-05-24,USD,67.0475,1
2016-04-10,EUR,76.6888,1
2016-04-10,GBP,95.3028,1
2016-04-10,RUB,1,1
2016-04-10,USD,67.4662,1
2016-07-12,EUR,70.8152,1
2016-07-12,GBP,82.7441,1
2016-07-12,RUB,1,1
2016-07-12,USD,64.2024,1
2016-01-09,EUR,79.6395,1
2016-01-09,GBP,108.2426,1
2016-01-09,RUB,1,1
2016-01-09,USD,72.9299,1
2016-10-11,EUR,69.7253,1
2016-10-11,GBP,77.4053,1
2016-10-11,RUB,1,1
2016-10-11,USD,62.3884,1
2016-11-27,EUR,68.4363,1
2016-11-27,GBP,80.3647,1
2016-11-27,RUB,1,1
2016-11-27,USD,64.6174,1
2016-08-26,EUR,73.2135,1
2016-08-26,GBP,85.8845,1
2016-08-26,RUB,1,1
2016-08-26,USD,64.9459,1
2016-02-26,EUR,84.2155,1
2016-02-26,GBP,106.5757,1
2016-02-26,RUB,1,1
2016-02-26,USD,76.3929,1
2016-05-25,EUR,75.0349,1
2016-05-25,GBP,97.483,1
2016-05-25,RUB,1,1
2016-05-25,USD,67.0493,1
2016-04-11,EUR,76.6888,1
2016-04-11,GBP,95.3028,1
2016-04-11,RUB,1,1
2016-04-11,USD,67.4662,1
2016-07-13,EUR,70.9833,1
2016-07-13,GBP,83.9812,1
2016-07-13,RUB,1,1
2016-07-13,USD,63.9029,1
2016-10-12,EUR,69.1231,1
2016-10-12,GBP,76.4807,1
2016-10-12,RUB,1,1
2016-10-12,USD,62.1946,1
2016-01-10,EUR,79.6395,1
2016-01-10,GBP,108.2426,1
2016-01-10,RUB,1,1
2016-01-10,USD,72.9299,1
2016-02-27,EUR,82.9748,1
2016-02-27,GBP,105.0663,1
2016-02-27,RUB,1,1
2016-02-27,USD,75.0903,1
2016-08-27,EUR,73.0892,1
2016-08-27,GBP,85.6031,1
2016-08-27,RUB,1,1
2016-08-27,USD,64.738,1
2016-11-28,EUR,68.4363,1
2016-11-28,GBP,80.3647,1
2016-11-28,RUB,1,1
2016-11-28,USD,64.6174,1
2016-05-26,EUR,73.4596,1
2016-05-26,GBP,96.4965,1
2016-05-26,RUB,1,1
2016-05-26,USD,65.8949,1
2016-04-12,EUR,76.4957,1
2016-04-12,GBP,95.4115,1
2016-04-12,RUB,1,1
2016-04-12,USD,67.125,1
2016-10-13,EUR,69.1173,1
2016-10-13,GBP,76.8345,1
2016-10-13,RUB,1,1
2016-10-13,USD,62.5892,1
2016-07-14,EUR,70.5577,1
2016-07-14,GBP,84.4713,1
2016-07-14,RUB,1,1
2016-07-14,USD,63.8531,1
2016-08-28,EUR,73.0892,1
2016-08-28,GBP,85.6031,1
2016-08-28,RUB,1,1
2016-08-28,USD,64.738,1
2016-02-28,EUR,82.9748,1
2016-02-28,GBP,105.0663,1
2016-02-28,RUB,1,1
2016-02-28,USD,75.0903,1
2016-11-29,EUR,69.1608,1
2016-11-29,GBP,81.209,1
2016-11-29,RUB,1,1
2016-11-29,USD,64.9153,1
2016-04-13,EUR,75.8529,1
2016-04-13,GBP,94.7349,1
2016-04-13,RUB,1,1
2016-04-13,USD,66.3456,1
2016-05-27,EUR,72.8418,1
2016-05-27,GBP,95.977,1
2016-05-27,RUB,1,1
2016-05-27,USD,65.2062,1
2016-01-11,EUR,79.6395,1
2016-01-11,GBP,108.2426,1
2016-01-11,RUB,1,1
2016-01-11,USD,72.9299,1
2016-08-29,EUR,73.0892,1
2016-08-29,GBP,85.6031,1
2016-08-29,RUB,1,1
2016-08-29,USD,64.738,1
2016-10-14,EUR,69.7255,1
2016-10-14,GBP,77.0293,1
2016-10-14,RUB,1,1
2016-10-14,USD,63.3465,1
2016-02-29,EUR,82.9748,1
2016-02-29,GBP,105.0663,1
2016-02-29,RUB,1,1
2016-02-29,USD,75.0903,1
2016-05-28,EUR,73.8474,1
2016-05-28,GBP,96.8298,1
2016-05-28,RUB,1,1
2016-05-28,USD,66.0413,1
2016-04-14,EUR,74.6578,1
2016-04-14,GBP,93.5919,1
2016-04-14,RUB,1,1
2016-04-14,USD,65.7662,1
2016-01-12,EUR,82.809,1
2016-01-12,GBP,110.5614,1
2016-01-12,RUB,1,1
2016-01-12,USD,75.9507,1
2016-08-30,EUR,72.7996,1
2016-08-30,GBP,85.204,1
2016-08-30,RUB,1,1
2016-08-30,USD,65.081,1
2016-10-15,EUR,69.3746,1
2016-10-15,GBP,76.8897,1
2016-10-15,RUB,1,1
2016-10-15,USD,62.9934,1
2016-03-01,EUR,83.1023,1
2016-03-01,GBP,105.2876,1
2016-03-01,RUB,1,1
2016-03-01,USD,75.8994,1
2016-07-15,EUR,70.5644,1
2016-07-15,GBP,84.1255,1
2016-07-15,RUB,1,1
2016-07-15,USD,63.5773,1
2016-11-30,EUR,68.8416,1
2016-11-30,GBP,80.6356,1
2016-11-30,RUB,1,1
2016-11-30,USD,64.9449,1
2016-05-29,EUR,73.8474,1
2016-05-29,GBP,96.8298,1
2016-05-29,RUB,1,1
2016-05-29,USD,66.0413,1
2016-04-15,EUR,74.794,1
2016-04-15,GBP,93.9115,1
2016-04-15,RUB,1,1
2016-04-15,USD,66.4954,1
2016-01-13,EUR,83.4372,1
2016-01-13,GBP,111.2828,1
2016-01-13,RUB,1,1
2016-01-13,USD,76.6041,1
2016-08-31,EUR,72.5013,1
2016-08-31,GBP,84.8986,1
2016-08-31,RUB,1,1
2016-08-31,USD,64.9072,1
2016-10-16,EUR,69.3746,1
2016-10-16,GBP,76.8897,1
2016-10-16,RUB,1,1
2016-10-16,USD,62.9934,1
2016-05-30,EUR,73.8474,1
2016-05-30,GBP,96.8298,1
2016-05-30,RUB,1,1
2016-05-30,USD,66.0413,1
2016-03-02,EUR,80.5333,1
2016-03-02,GBP,103.3344,1
2016-03-02,RUB,1,1
2016-03-02,USD,74.0536,1
2016-07-16,EUR,70.3395,1
2016-07-16,GBP,84.7295,1
2016-07-16,RUB,1,1
2016-07-16,USD,63.1697,1
2016-12-01,EUR,69.3417,1
2016-12-01,GBP,81.4499,1
2016-12-01,RUB,1,1
2016-12-01,USD,65.2382,1
2016-04-16,EUR,74.3405,1
2016-04-16,GBP,93.4672,1
2016-04-16,RUB,1,1
2016-04-16,USD,66.0452,1
2016-01-14,EUR,82.7175,1
2016-01-14,GBP,110.3231,1
2016-01-14,RUB,1,1
2016-01-14,USD,76.4275,1
2016-10-17,EUR,69.3746,1
2016-10-17,GBP,76.8897,1
2016-10-17,RUB,1,1
2016-10-17,USD,62.9934,1
2016-03-03,EUR,79.9721,1
2016-03-03,GBP,102.7813,1
2016-03-03,RUB,1,1
2016-03-03,USD,73.6256,1
2016-05-31,EUR,73.497,1
2016-05-31,GBP,96.5465,1
2016-05-31,RUB,1,1
2016-05-31,USD,66.0825,1
2016-09-01,EUR,72.6859,1
2016-09-01,GBP,85.7888,1
2016-09-01,RUB,1,1
2016-09-01,USD,65.2535,1
2016-12-02,EUR,67.6162,1
2016-12-02,GBP,79.8747,1
2016-12-02,RUB,1,1
2016-12-02,USD,63.6807,1
2016-07-17,EUR,70.3395,1
2016-07-17,GBP,84.7295,1
2016-07-17,RUB,1,1
2016-07-17,USD,63.1697,1
2016-01-15,EUR,83.1499,1
2016-01-15,GBP,110.262,1
2016-01-15,RUB,1,1
2016-01-15,USD,76.523,1
2016-04-17,EUR,74.3405,1
2016-04-17,GBP,93.4672,1
2016-04-17,RUB,1,1
2016-04-17,USD,66.0452,1
2016-03-04,EUR,80.21,1
2016-03-04,GBP,103.8559,1
2016-03-04,RUB,1,1
2016-03-04,USD,73.8242,1
2016-10-18,EUR,69.3587,1
2016-10-18,GBP,76.8295,1
2016-10-18,RUB,1,1
2016-10-18,USD,63.151,1
2016-06-01,EUR,73.4406,1
2016-06-01,GBP,96.2687,1
2016-06-01,RUB,1,1
2016-06-01,USD,65.9962,1
2016-09-02,EUR,72.6828,1
2016-09-02,GBP,85.7667,1
2016-09-02,RUB,1,1
2016-09-02,USD,65.2566,1
2016-12-03,EUR,68.4703,1
2016-12-03,GBP,80.9223,1
2016-12-03,RUB,1,1
2016-12-03,USD,64.1528,1
2016-01-16,EUR,83.2951,1
2016-01-16,GBP,110.1081,1
2016-01-16,RUB,1,1
2016-01-16,USD,76.565,1
2016-07-18,EUR,70.3395,1
2016-07-18,GBP,84.7295,1
2016-07-18,RUB,1,1
2016-07-18,USD,63.1697,1
2016-03-05,EUR,80.1161,1
2016-03-05,GBP,103.4402,1
2016-03-05,RUB,1,1
2016-03-05,USD,73.1854,1
2016-04-18,EUR,74.3405,1
2016-04-18,GBP,93.4672,1
2016-04-18,RUB,1,1
2016-04-18,USD,66.0452,1
2016-06-02,EUR,74.2098,1
2016-06-02,GBP,96.3728,1
2016-06-02,RUB,1,1
2016-06-02,USD,66.6156,1
2016-10-19,EUR,69.2608,1
2016-10-19,GBP,77.0465,1
2016-10-19,RUB,1,1
2016-10-19,USD,62.89,1
2016-12-04,EUR,68.4703,1
2016-12-04,GBP,80.9223,1
2016-12-04,RUB,1,1
2016-12-04,USD,64.1528,1
2016-09-03,EUR,73.7199,1
2016-09-03,GBP,87.4337,1
2016-09-03,RUB,1,1
2016-09-03,USD,65.8684,1
2016-01-17,EUR,83.2951,1
2016-01-17,GBP,110.1081,1
2016-01-17,RUB,1,1
2016-01-17,USD,76.565,1
2016-07-19,EUR,69.7741,1
2016-07-19,GBP,83.6595,1
2016-07-19,RUB,1,1
2016-07-19,USD,63.1154,1
2016-03-06,EUR,80.1161,1
2016-03-06,GBP,103.4402,1
2016-03-06,RUB,1,1
2016-03-06,USD,73.1854,1
2016-06-03,EUR,74.8191,1
2016-06-03,GBP,96.2656,1
2016-06-03,RUB,1,1
2016-06-03,USD,66.7491,1
2016-10-20,EUR,68.7674,1
2016-10-20,GBP,77.0223,1
2016-10-20,RUB,1,1
2016-10-20,USD,62.5841,1
2016-04-19,EUR,77.1273,1
2016-04-19,GBP,96.742,1
2016-04-19,RUB,1,1
2016-04-19,USD,68.2724,1
2016-01-18,EUR,83.2951,1
2016-01-18,GBP,110.1081,1
2016-01-18,RUB,1,1
2016-01-18,USD,76.565,1
2016-12-05,EUR,68.4703,1
2016-12-05,GBP,80.9223,1
2016-12-05,RUB,1,1
2016-12-05,USD,64.1528,1
2016-07-20,EUR,69.6974,1
2016-07-20,GBP,83.1519,1
2016-07-20,RUB,1,1
2016-07-20,USD,62.9891,1
2016-03-07,EUR,80.1161,1
2016-03-07,GBP,103.4402,1
2016-03-07,RUB,1,1
2016-03-07,USD,73.1854,1
2016-10-21,EUR,68.4741,1
2016-10-21,GBP,76.5886,1
2016-10-21,RUB,1,1
2016-10-21,USD,62.4194,1
2016-06-04,EUR,74.561,1
2016-06-04,GBP,96.5155,1
2016-06-04,RUB,1,1
2016-06-04,USD,66.8529,1
2016-12-06,EUR,67.766,1
2016-12-06,GBP,81.3244,1
2016-12-06,RUB,1,1
2016-12-06,USD,63.9242,1
2016-01-19,EUR,85.622,1
2016-01-19,GBP,112.6444,1
2016-01-19,RUB,1,1
2016-01-19,USD,78.6678,1
2016-03-08,EUR,80.1161,1
2016-03-08,GBP,103.4402,1
2016-03-08,RUB,1,1
2016-03-08,USD,73.1854,1
2016-04-20,EUR,74.3719,1
2016-04-20,GBP,93.9546,1
2016-04-20,RUB,1,1
2016-04-20,USD,65.6474,1
2016-07-21,EUR,69.6967,1
2016-07-21,GBP,83.0716,1
2016-07-21,RUB,1,1
2016-07-21,USD,63.4183,1
2016-09-04,EUR,73.7199,1
2016-09-04,GBP,87.4337,1
2016-09-04,RUB,1,1
2016-09-04,USD,65.8684,1
2016-10-22,EUR,68.0267,1
2016-10-22,GBP,76.4449,1
2016-10-22,RUB,1,1
2016-10-22,USD,62.4499,1
2016-12-07,EUR,68.6902,1
2016-12-07,GBP,81.4778,1
2016-12-07,RUB,1,1
2016-12-07,USD,63.8741,1
2016-01-20,EUR,85.2988,1
2016-01-20,GBP,112.2196,1
2016-01-20,RUB,1,1
2016-01-20,USD,78.4862,1
2016-06-05,EUR,74.561,1
2016-06-05,GBP,96.5155,1
2016-06-05,RUB,1,1
2016-06-05,USD,66.8529,1
2016-03-09,EUR,80.1161,1
2016-03-09,GBP,103.4402,1
2016-03-09,RUB,1,1
2016-03-09,USD,73.1854,1
2016-07-22,EUR,70.3022,1
2016-07-22,GBP,84.1906,1
2016-07-22,RUB,1,1
2016-07-22,USD,63.7373,1
2016-09-05,EUR,73.7199,1
2016-09-05,GBP,87.4337,1
2016-09-05,RUB,1,1
2016-09-05,USD,65.8684,1
2016-12-08,EUR,68.5002,1
2016-12-08,GBP,80.6498,1
2016-12-08,RUB,1,1
2016-12-08,USD,63.9114,1
2016-04-21,EUR,75.0107,1
2016-04-21,GBP,94.8943,1
2016-04-21,RUB,1,1
2016-04-21,USD,66.0364,1
2016-01-21,EUR,87.0341,1
2016-01-21,GBP,112.5015,1
2016-01-21,RUB,1,1
2016-01-21,USD,79.4614,1
2016-06-06,EUR,74.561,1
2016-06-06,GBP,96.5155,1
2016-06-06,RUB,1,1
2016-06-06,USD,66.8529,1
2016-10-23,EUR,68.0267,1
2016-10-23,GBP,76.4449,1
2016-10-23,RUB,1,1
2016-10-23,USD,62.4499,1
2016-07-23,EUR,71.2513,1
2016-07-23,GBP,85.7794,1
2016-07-23,RUB,1,1
2016-07-23,USD,64.627,1
2016-03-10,EUR,79.4488,1
2016-03-10,GBP,102.6602,1
2016-03-10,RUB,1,1
2016-03-10,USD,72.3775,1
2016-09-06,EUR,72.3742,1
2016-09-06,GBP,86.305,1
2016-09-06,RUB,1,1
2016-09-06,USD,64.7644,1
2016-12-09,EUR,68.2458,1
2016-12-09,GBP,80.0807,1
2016-12-09,RUB,1,1
2016-12-09,USD,63.3901,1
2016-06-07,EUR,74.6907,1
2016-06-07,GBP,94.967,1
2016-06-07,RUB,1,1
2016-06-07,USD,65.7894,1
2016-01-22,EUR,91.1814,1
2016-01-22,GBP,118.3987,1
2016-01-22,RUB,1,1
2016-01-22,USD,83.5913,1
2016-10-24,EUR,68.0267,1
2016-10-24,GBP,76.4449,1
2016-10-24,RUB,1,1
2016-10-24,USD,62.4499,1
2016-09-07,EUR,72.3639,1
2016-09-07,GBP,86.4646,1
2016-09-07,RUB,1,1
2016-09-07,USD,64.8306,1
2016-07-24,EUR,71.2513,1
2016-07-24,GBP,85.7794,1
2016-07-24,RUB,1,1
2016-07-24,USD,64.627,1
2016-04-22,EUR,73.4592,1
2016-04-22,GBP,93.0904,1
2016-04-22,RUB,1,1
2016-04-22,USD,65.0254,1
2016-06-08,EUR,74.1164,1
2016-06-08,GBP,94.9963,1
2016-06-08,RUB,1,1
2016-06-08,USD,65.2089,1
2016-12-10,EUR,67.2086,1
2016-12-10,GBP,79.6349,1
2016-12-10,RUB,1,1
2016-12-10,USD,63.3028,1
2016-03-11,EUR,77.9817,1
2016-03-11,GBP,101.0869,1
2016-03-11,RUB,1,1
2016-03-11,USD,71.0928,1
2016-10-25,EUR,67.7302,1
2016-10-25,GBP,76.1071,1
2016-10-25,RUB,1,1
2016-10-25,USD,62.2349,1
2016-01-23,EUR,87.2266,1
2016-01-23,GBP,114.9029,1
2016-01-23,RUB,1,1
2016-01-23,USD,80.5714,1
2016-04-23,EUR,74.6959,1
2016-04-23,GBP,95.0916,1
2016-04-23,RUB,1,1
2016-04-23,USD,66.2198,1
2016-07-25,EUR,71.2513,1
2016-07-25,GBP,85.7794,1
2016-07-25,RUB,1,1
2016-07-25,USD,64.627,1
2016-09-08,EUR,72.4022,1
2016-09-08,GBP,86.2826,1
2016-09-08,RUB,1,1
2016-09-08,USD,64.3804,1
2016-12-11,EUR,67.2086,1
2016-12-11,GBP,79.6349,1
2016-12-11,RUB,1,1
2016-12-11,USD,63.3028,1
2016-06-09,EUR,73.5538,1
2016-06-09,GBP,93.999,1
2016-06-09,RUB,1,1
2016-06-09,USD,64.6797,1
2016-03-12,EUR,78.4131,1
2016-03-12,GBP,100.2855,1
2016-03-12,RUB,1,1
2016-03-12,USD,70.3067,1
2016-10-26,EUR,67.4958,1
2016-10-26,GBP,75.8785,1
2016-10-26,RUB,1,1
2016-10-26,USD,62.048,1
2016-01-24,EUR,87.2266,1
2016-01-24,GBP,114.9029,1
2016-01-24,RUB,1,1
2016-01-24,USD,80.5714,1
2016-07-26,EUR,71.209,1
2016-07-26,GBP,85.2963,1
2016-07-26,RUB,1,1
2016-07-26,USD,64.9184,1
2016-09-09,EUR,72.0464,1
2016-09-09,GBP,85.4231,1
2016-09-09,RUB,1,1
2016-09-09,USD,63.973,1
2016-04-24,EUR,74.6959,1
2016-04-24,GBP,95.0916,1
2016-04-24,RUB,1,1
2016-04-24,USD,66.2198,1
2016-12-12,EUR,67.2086,1
2016-12-12,GBP,79.6349,1
2016-12-12,RUB,1,1
2016-12-12,USD,63.3028,1
2016-03-13,EUR,78.4131,1
2016-03-13,GBP,100.2855,1
2016-03-13,RUB,1,1
2016-03-13,USD,70.3067,1
2016-06-10,EUR,72.5682,1
2016-06-10,GBP,92.1875,1
2016-06-10,RUB,1,1
2016-06-10,USD,63.7402,1
2016-10-27,EUR,67.9253,1
2016-10-27,GBP,76.0253,1
2016-10-27,RUB,1,1
2016-10-27,USD,62.2597,1
2016-01-25,EUR,87.2266,1
2016-01-25,GBP,114.9029,1
2016-01-25,RUB,1,1
2016-01-25,USD,80.5714,1
2016-07-27,EUR,72.3478,1
2016-07-27,GBP,86.0087,1
2016-07-27,RUB,1,1
2016-07-27,USD,65.7408,1
2016-03-14,EUR,78.4131,1
2016-03-14,GBP,100.2855,1
2016-03-14,RUB,1,1
2016-03-14,USD,70.3067,1
2016-09-10,EUR,72.3359,1
2016-09-10,GBP,85.2645,1
2016-09-10,RUB,1,1
2016-09-10,USD,64.1617,1
2016-04-25,EUR,74.6959,1
2016-04-25,GBP,95.0916,1
2016-04-25,RUB,1,1
2016-04-25,USD,66.2198,1
2016-06-11,EUR,73.1909,1
2016-06-11,GBP,93.4185,1
2016-06-11,RUB,1,1
2016-06-11,USD,64.7077,1
2016-10-28,EUR,68.7576,1
2016-10-28,GBP,77.1734,1
2016-10-28,RUB,1,1
2016-10-28,USD,63.0399,1
2016-12-13,EUR,65.072,1
2016-12-13,GBP,77.5728,1
2016-12-13,RUB,1,1
2016-12-13,USD,61.5804,1
2016-01-26,EUR,84.1603,1
2016-01-26,GBP,110.9456,1
2016-01-26,RUB,1,1
2016-01-26,USD,77.7965,1
2016-09-11,EUR,72.3359,1
2016-09-11,GBP,85.2645,1
2016-09-11,RUB,1,1
2016-09-11,USD,64.1617,1
2016-07-28,EUR,72.515,1
2016-07-28,GBP,86.5946,1
2016-07-28,RUB,1,1
2016-07-28,USD,65.9467,1
2016-03-15,EUR,78.1798,1
2016-03-15,GBP,100.6783,1
2016-03-15,RUB,1,1
2016-03-15,USD,70.1542,1
2016-04-26,EUR,74.9515,1
2016-04-26,GBP,96.0931,1
2016-04-26,RUB,1,1
2016-04-26,USD,66.6295,1
2016-10-29,EUR,68.6783,1
2016-10-29,GBP,76.579,1
2016-10-29,RUB,1,1
2016-10-29,USD,62.9037,1
2016-06-12,EUR,73.1909,1
2016-06-12,GBP,93.4185,1
2016-06-12,RUB,1,1
2016-06-12,USD,64.7077,1
2016-01-27,EUR,88.8858,1
2016-01-27,GBP,116.0565,1
2016-01-27,RUB,1,1
2016-01-27,USD,81.8394,1
2016-07-29,EUR,73.4047,1
2016-07-29,GBP,87.3478,1
2016-07-29,RUB,1,1
2016-07-29,USD,66.1125,1
2016-09-12,EUR,72.3359,1
2016-09-12,GBP,85.2645,1
2016-09-12,RUB,1,1
2016-09-12,USD,64.1617,1
2016-12-14,EUR,64.9774,1
2016-12-14,GBP,77.4721,1
2016-12-14,RUB,1,1
2016-12-14,USD,61.069,1
2016-04-27,EUR,74.9024,1
2016-04-27,GBP,96.6867,1
2016-04-27,RUB,1,1
2016-04-27,USD,66.4559,1
2016-06-13,EUR,73.1909,1
2016-06-13,GBP,93.4185,1
2016-06-13,RUB,1,1
2016-06-13,USD,64.7077,1
2016-03-16,EUR,78.3285,1
2016-03-16,GBP,100.3372,1
2016-03-16,RUB,1,1
2016-03-16,USD,70.5408,1
2016-10-30,EUR,68.6783,1
2016-10-30,GBP,76.579,1
2016-10-30,RUB,1,1
2016-10-30,USD,62.9037,1
2016-01-28,EUR,85.8459,1
2016-01-28,GBP,113.1315,1
2016-01-28,RUB,1,1
2016-01-28,USD,78.9969,1
2016-12-15,EUR,64.7543,1
2016-12-15,GBP,77.0497,1
2016-12-15,RUB,1,1
2016-12-15,USD,60.8079,1
2016-09-13,EUR,73.1986,1
2016-09-13,GBP,86.3525,1
2016-09-13,RUB,1,1
2016-09-13,USD,65.0539,1
2016-07-30,EUR,74.3799,1
2016-07-30,GBP,88.3534,1
2016-07-30,RUB,1,1
2016-07-30,USD,67.0512,1
2016-04-28,EUR,73.8023,1
2016-04-28,GBP,94.9407,1
2016-04-28,RUB,1,1
2016-04-28,USD,65.1618,1
2016-01-29,EUR,84.137,1
2016-01-29,GBP,110.3569,1
2016-01-29,RUB,1,1
2016-01-29,USD,77.3674,1
2016-06-14,EUR,73.1909,1
2016-06-14,GBP,93.4185,1
2016-06-14,RUB,1,1
2016-06-14,USD,64.7077,1
2016-10-31,EUR,68.6783,1
2016-10-31,GBP,76.579,1
2016-10-31,RUB,1,1
2016-10-31,USD,62.9037,1
2016-03-17,EUR,78.7532,1
2016-03-17,GBP,100.21,1
2016-03-17,RUB,1,1
2016-03-17,USD,71.0256,1
2016-12-16,EUR,64.6139,1
2016-12-16,GBP,77.1816,1
2016-12-16,RUB,1,1
2016-12-16,USD,61.6368,1
2016-04-29,EUR,73.9166,1
2016-04-29,GBP,95.0264,1
2016-04-29,RUB,1,1
2016-04-29,USD,65.1133,1
2016-07-31,EUR,74.3799,1
2016-07-31,GBP,88.3534,1
2016-07-31,RUB,1,1
2016-07-31,USD,67.0512,1
2016-01-30,EUR,81.9077,1
2016-01-30,GBP,107.97,1
2016-01-30,RUB,1,1
2016-01-30,USD,75.1723,1
2016-09-14,EUR,72.7559,1
2016-09-14,GBP,86.3337,1
2016-09-14,RUB,1,1
2016-09-14,USD,64.8102,1
2016-06-15,EUR,74.3174,1
2016-06-15,GBP,93.4003,1
2016-06-15,RUB,1,1
2016-06-15,USD,66.0306,1
2016-03-18,EUR,77.1572,1
2016-03-18,GBP,97.9308,1
2016-03-18,RUB,1,1
2016-03-18,USD,68.5598,1
2016-12-17,EUR,64.4809,1
2016-12-17,GBP,76.8374,1
2016-12-17,RUB,1,1
2016-12-17,USD,61.7515,1
2016-11-01,EUR,69.2863,1
2016-11-01,GBP,77.0304,1
2016-11-01,RUB,1,1
2016-11-01,USD,63.2174,1
2016-04-30,EUR,73.3015,1
2016-04-30,GBP,93.9782,1
2016-04-30,RUB,1,1
2016-04-30,USD,64.3334,1
2016-01-31,EUR,81.9077,1
2016-01-31,GBP,107.97,1
2016-01-31,RUB,1,1
2016-01-31,USD,75.1723,1
2016-06-16,EUR,73.9441,1
2016-06-16,GBP,93.4947,1
2016-06-16,RUB,1,1
2016-06-16,USD,65.9156,1
2016-03-19,EUR,77.1992,1
2016-03-19,GBP,98.8212,1
2016-03-19,RUB,1,1
2016-03-19,USD,68.4026,1
2016-09-15,EUR,72.946,1
2016-09-15,GBP,85.7848,1
2016-09-15,RUB,1,1
2016-09-15,USD,64.9737,1
2016-08-01,EUR,74.3799,1
2016-08-01,GBP,88.3534,1
2016-08-01,RUB,1,1
2016-08-01,USD,67.0512,1
2016-12-18,EUR,64.4809,1
2016-12-18,GBP,76.8374,1
2016-12-18,RUB,1,1
2016-12-18,USD,61.7515,1
2016-11-02,EUR,69.3647,1
2016-11-02,GBP,77.5115,1
2016-11-02,RUB,1,1
2016-11-02,USD,63.2025,1
2016-05-01,EUR,73.3015,1
2016-05-01,GBP,93.9782,1
2016-05-01,RUB,1,1
2016-05-01,USD,64.3334,1
2016-03-20,EUR,77.1992,1
2016-03-20,GBP,98.8212,1
2016-03-20,RUB,1,1
2016-03-20,USD,68.4026,1
2016-06-17,EUR,74.246,1
2016-06-17,GBP,93.3854,1
2016-06-17,RUB,1,1
2016-06-17,USD,65.8618,1
2016-09-16,EUR,73.2126,1
2016-09-16,GBP,86.2625,1
2016-09-16,RUB,1,1
2016-09-16,USD,65.217,1
2016-02-01,EUR,81.9077,1
2016-02-01,GBP,107.97,1
2016-02-01,RUB,1,1
2016-02-01,USD,75.1723,1
2016-08-02,EUR,73.6523,1
2016-08-02,GBP,87.2918,1
2016-08-02,RUB,1,1
2016-08-02,USD,65.9553,1
2016-12-19,EUR,64.4809,1
2016-12-19,GBP,76.8374,1
2016-12-19,RUB,1,1
2016-12-19,USD,61.7515,1
2016-11-03,EUR,70.2339,1
2016-11-03,GBP,77.8122,1
2016-11-03,RUB,1,1
2016-11-03,USD,63.4166,1
2016-05-02,EUR,73.3015,1
2016-05-02,GBP,93.9782,1
2016-05-02,RUB,1,1
2016-05-02,USD,64.3334,1
2016-03-21,EUR,77.1992,1
2016-03-21,GBP,98.8212,1
2016-03-21,RUB,1,1
2016-03-21,USD,68.4026,1
2016-08-03,EUR,74.9007,1
2016-08-03,GBP,88.2703,1
2016-08-03,RUB,1,1
2016-08-03,USD,66.8816,1
2016-06-18,EUR,73.5609,1
2016-06-18,GBP,93.5135,1
2016-06-18,RUB,1,1
2016-06-18,USD,65.4398,1
2016-09-17,EUR,73.0208,1
2016-09-17,GBP,85.8376,1
2016-09-17,RUB,1,1
2016-09-17,USD,64.994,1
2016-12-20,EUR,64.6727,1
2016-12-20,GBP,77.1796,1
2016-12-20,RUB,1,1
2016-12-20,USD,61.7931,1
2016-03-22,EUR,77.4647,1
2016-03-22,GBP,98.9881,1
2016-03-22,RUB,1,1
2016-03-22,USD,68.8086,1
2016-05-03,EUR,73.3015,1
2016-05-03,GBP,93.9782,1
2016-05-03,RUB,1,1
2016-05-03,USD,64.3334,1
2016-02-02,EUR,82.8141,1
2016-02-02,GBP,109.0094,1
2016-02-02,RUB,1,1
2016-02-02,USD,76.3264,1
2016-11-04,EUR,70.5977,1
2016-11-04,GBP,78.4278,1
2016-11-04,RUB,1,1
2016-11-04,USD,63.5043,1
2016-06-19,EUR,73.5609,1
2016-06-19,GBP,93.5135,1
2016-06-19,RUB,1,1
2016-06-19,USD,65.4398,1
2016-08-04,EUR,74.7978,1
2016-08-04,GBP,88.927,1
2016-08-04,RUB,1,1
2016-08-04,USD,66.742,1
2016-09-18,EUR,73.0208,1
2016-09-18,GBP,85.8376,1
2016-09-18,RUB,1,1
2016-09-18,USD,64.994,1
2016-03-23,EUR,76.14,1
2016-03-23,GBP,96.9406,1
2016-03-23,RUB,1,1
2016-03-23,USD,67.7764,1
2016-12-21,EUR,64.2006,1
2016-12-21,GBP,76.4796,1
2016-12-21,RUB,1,1
2016-12-21,USD,61.7967,1
2016-05-04,EUR,73.3015,1
2016-05-04,GBP,93.9782,1
2016-05-04,RUB,1,1
2016-05-04,USD,64.3334,1
2016-06-20,EUR,73.5609,1
2016-06-20,GBP,93.5135,1
2016-06-20,RUB,1,1
2016-06-20,USD,65.4398,1
2016-02-03,EUR,84.9719,1
2016-02-03,GBP,112.0283,1
2016-02-03,RUB,1,1
2016-02-03,USD,77.9273,1
2016-09-19,EUR,73.0208,1
2016-09-19,GBP,85.8376,1
2016-09-19,RUB,1,1
2016-09-19,USD,64.994,1
2016-11-05,EUR,70.5977,1
2016-11-05,GBP,78.4278,1
2016-11-05,RUB,1,1
2016-11-05,USD,63.5043,1
2016-08-05,EUR,73.9232,1
2016-08-05,GBP,88.2245,1
2016-08-05,RUB,1,1
2016-08-05,USD,66.3941,1
2016-03-24,EUR,75.6902,1
2016-03-24,GBP,95.9419,1
2016-03-24,RUB,1,1
2016-03-24,USD,67.6409,1
2016-05-05,EUR,76.0512,1
2016-05-05,GBP,95.8896,1
2016-05-05,RUB,1,1
2016-05-05,USD,66.1718,1
2016-12-22,EUR,63.6086,1
2016-12-22,GBP,75.4943,1
2016-12-22,RUB,1,1
2016-12-22,USD,61.1092,1
2016-02-04,EUR,86.5115,1
2016-02-04,GBP,114.0541,1
2016-02-04,RUB,1,1
2016-02-04,USD,79.2593,1
2016-06-21,EUR,72.7792,1
2016-06-21,GBP,94.0003,1
2016-06-21,RUB,1,1
2016-06-21,USD,64.1509,1
2016-09-20,EUR,72.4477,1
2016-09-20,GBP,84.8534,1
2016-09-20,RUB,1,1
2016-09-20,USD,64.9173,1
2016-08-06,EUR,73.0303,1
2016-08-06,GBP,86.1822,1
2016-08-06,RUB,1,1
2016-08-06,USD,65.5627,1
2016-11-06,EUR,70.5977,1
2016-11-06,GBP,78.4278,1
2016-11-06,RUB,1,1
2016-11-06,USD,63.5043,1
2016-05-06,EUR,75.5713,1
2016-05-06,GBP,95.385,1
2016-05-06,RUB,1,1
2016-05-06,USD,65.8918,1
2016-03-25,EUR,76.929,1
2016-03-25,GBP,97.0229,1
2016-03-25,RUB,1,1
2016-03-25,USD,68.9328,1
2016-12-23,EUR,63.5604,1
2016-12-23,GBP,75.155,1
2016-12-23,RUB,1,1
2016-12-23,USD,60.8641,1
2016-02-05,EUR,84.8104,1
2016-02-05,GBP,111.7247,1
2016-02-05,RUB,1,1
2016-02-05,USD,76.4609,1
2016-06-22,EUR,72.7865,1
2016-06-22,GBP,94.5223,1
2016-06-22,RUB,1,1
2016-06-22,USD,64.1743,1
2016-09-21,EUR,72.5279,1
2016-09-21,GBP,84.2026,1
2016-09-21,RUB,1,1
2016-09-21,USD,64.7513,1
2016-11-07,EUR,70.5977,1
2016-11-07,GBP,78.4278,1
2016-11-07,RUB,1,1
2016-11-07,USD,63.5043,1
2016-08-07,EUR,73.0303,1
2016-08-07,GBP,86.1822,1
2016-08-07,RUB,1,1
2016-08-07,USD,65.5627,1
2016-05-07,EUR,75.5789,1
2016-05-07,GBP,95.9663,1
2016-05-07,RUB,1,1
2016-05-07,USD,66.1928,1
2016-12-24,EUR,63.5425,1
2016-12-24,GBP,74.6664,1
2016-12-24,RUB,1,1
2016-12-24,USD,60.8528,1
2016-02-06,EUR,86.5754,1
2016-02-06,GBP,112.3763,1
2016-02-06,RUB,1,1
2016-02-06,USD,77.3409,1
2016-03-26,EUR,76.4004,1
2016-03-26,GBP,96.6912,1
2016-03-26,RUB,1,1
2016-03-26,USD,68.4346,1
2016-05-08,EUR,75.5789,1
2016-05-08,GBP,95.9663,1
2016-05-08,RUB,1,1
2016-05-08,USD,66.1928,1
2016-09-22,EUR,71.8404,1
2016-09-22,GBP,83.5947,1
2016-09-22,RUB,1,1
2016-09-22,USD,64.4424,1
2016-11-08,EUR,70.6944,1
2016-11-08,GBP,79.2643,1
2016-11-08,RUB,1,1
2016-11-08,USD,63.9074,1
2016-12-25,EUR,63.5425,1
2016-12-25,GBP,74.6664,1
2016-12-25,RUB,1,1
2016-12-25,USD,60.8528,1
2016-06-23,EUR,71.8082,1
2016-06-23,GBP,93.4334,1
2016-06-23,RUB,1,1
2016-06-23,USD,63.7162,1
2016-08-08,EUR,73.0303,1
2016-08-08,GBP,86.1822,1
2016-08-08,RUB,1,1
2016-08-08,USD,65.5627,1
2016-05-09,EUR,75.5789,1
2016-05-09,GBP,95.9663,1
2016-05-09,RUB,1,1
2016-05-09,USD,66.1928,1
2016-03-27,EUR,76.4004,1
2016-03-27,GBP,96.6912,1
2016-03-27,RUB,1,1
2016-03-27,USD,68.4346,1
2016-11-09,EUR,70.4542,1
2016-11-09,GBP,79.2435,1
2016-11-09,RUB,1,1
2016-11-09,USD,63.7364,1
2016-09-23,EUR,71.6728,1
2016-09-23,GBP,83.4492,1
2016-09-23,RUB,1,1
2016-09-23,USD,63.7942,1
2016-12-26,EUR,63.5425,1
2016-12-26,GBP,74.6664,1
2016-12-26,RUB,1,1
2016-12-26,USD,60.8528,1
2016-06-24,EUR,72.9016,1
2016-06-24,GBP,95.0281,1
2016-06-24,RUB,1,1
2016-06-24,USD,64.3212,1
2016-11-10,EUR,71.3491,1
2016-11-10,GBP,79.3229,1
2016-11-10,RUB,1,1
2016-11-10,USD,63.8928,1
2016-05-10,EUR,75.5789,1
2016-05-10,GBP,95.9663,1
2016-05-10,RUB,1,1
2016-05-10,USD,66.1928,1
2016-09-24,EUR,71.5854,1
2016-09-24,GBP,83.1129,1
2016-09-24,RUB,1,1
2016-09-24,USD,63.8642,1
2016-06-25,EUR,72.6582,1
2016-06-25,GBP,90.5017,1
2016-06-25,RUB,1,1
2016-06-25,USD,65.5287,1
2016-12-27,EUR,63.7285,1
2016-12-27,GBP,74.8321,1
2016-12-27,RUB,1,1
2016-12-27,USD,60.9084,1
2016-11-11,EUR,69.3392,1
2016-11-11,GBP,78.8833,1
2016-11-11,RUB,1,1
2016-11-11,USD,63.4161,1
2016-05-11,EUR,75.5406,1
2016-05-11,GBP,95.691,1
2016-05-11,RUB,1,1
2016-05-11,USD,66.3277,1
2016-12-28,EUR,63.573,1
2016-12-28,GBP,74.7284,1
2016-12-28,RUB,1,1
2016-12-28,USD,60.8587,1
2016-06-26,EUR,72.6582,1
2016-06-26,GBP,90.5017,1
2016-06-26,RUB,1,1
2016-06-26,USD,65.5287,1
2016-05-12,EUR,75.4505,1
2016-05-12,GBP,95.5685,1
2016-05-12,RUB,1,1
2016-05-12,USD,66.2428,1
2016-11-12,EUR,71.1253,1
2016-11-12,GBP,81.9513,1
2016-11-12,RUB,1,1
2016-11-12,USD,65.2167,1
2016-09-25,EUR,71.5854,1
2016-09-25,GBP,83.1129,1
2016-09-25,RUB,1,1
2016-09-25,USD,63.8642,1
2016-03-28,EUR,76.4004,1
2016-03-28,GBP,96.6912,1
2016-03-28,RUB,1,1
2016-03-28,USD,68.4346,1
2016-11-13,EUR,71.1253,1
2016-11-13,GBP,81.9513,1
2016-11-13,RUB,1,1
2016-11-13,USD,65.2167,1
2016-08-09,EUR,72.1476,1
2016-08-09,GBP,84.9358,1
2016-08-09,RUB,1,1
2016-08-09,USD,65.0799,1
2016-05-13,EUR,74.1137,1
2016-05-13,GBP,93.7773,1
2016-05-13,RUB,1,1
2016-05-13,USD,64.9607,1
2016-12-29,EUR,63.4879,1
2016-12-29,GBP,74.3352,1
2016-12-29,RUB,1,1
2016-12-29,USD,60.6669,1
2016-06-27,EUR,72.6582,1
2016-06-27,GBP,90.5017,1
2016-06-27,RUB,1,1
2016-06-27,USD,65.5287,1
2016-09-26,EUR,71.5854,1
2016-09-26,GBP,83.1129,1
2016-09-26,RUB,1,1
2016-09-26,USD,63.8642,1
2016-11-14,EUR,71.1253,1
2016-11-14,GBP,81.9513,1
2016-11-14,RUB,1,1
2016-11-14,USD,65.2167,1
2016-02-07,EUR,86.5754,1
2016-02-07,GBP,112.3763,1
2016-02-07,RUB,1,1
2016-02-07,USD,77.3409,1
2016-03-29,EUR,75.6975,1
2016-03-29,GBP,96.0588,1
2016-03-29,RUB,1,1
2016-03-29,USD,67.7807,1
2016-05-14,EUR,73.6248,1
2016-05-14,GBP,93.591,1
2016-05-14,RUB,1,1
2016-05-14,USD,64.9306,1
2016-08-10,EUR,71.7556,1
2016-08-10,GBP,84.2202,1
2016-08-10,RUB,1,1
2016-08-10,USD,64.7848,1
2016-12-30,EUR,63.0214,1
2016-12-30,GBP,73.8887,1
2016-12-30,RUB,1,1
2016-12-30,USD,60.273,1
2016-06-28,EUR,71.942,1
2016-06-28,GBP,87.1463,1
2016-06-28,RUB,1,1
2016-06-28,USD,65.0588,1
2016-11-15,EUR,71.0488,1
2016-11-15,GBP,82.3239,1
2016-11-15,RUB,1,1
2016-11-15,USD,65.8591,1
2016-09-27,EUR,72.0604,1
2016-09-27,GBP,82.9018,1
2016-09-27,RUB,1,1
2016-09-27,USD,64.1506,1
2016-02-08,EUR,86.5754,1
2016-02-08,GBP,112.3763,1
2016-02-08,RUB,1,1
2016-02-08,USD,77.3409,1
2016-03-30,EUR,76.8611,1
2016-03-30,GBP,97.8726,1
2016-03-30,RUB,1,1
2016-03-30,USD,68.7549,1
2016-08-11,EUR,72.2349,1
2016-08-11,GBP,84.5171,1
2016-08-11,RUB,1,1
2016-08-11,USD,64.8137,1
2016-12-31,EUR,63.8111,1
2016-12-31,GBP,74.5595,1
2016-12-31,RUB,1,1
2016-12-31,USD,60.6569,1
2016-05-15,EUR,73.6248,1
2016-05-15,GBP,93.591,1
2016-05-15,RUB,1,1
2016-05-15,USD,64.9306,1
2016-11-16,EUR,70.6156,1
2016-11-16,GBP,81.8911,1
2016-11-16,RUB,1,1
2016-11-16,USD,65.5548,1
2016-06-29,EUR,71.7117,1
2016-06-29,GBP,86.4364,1
2016-06-29,RUB,1,1
2016-06-29,USD,64.8095,1
2016-03-31,EUR,76.5386,1
2016-03-31,GBP,97.5442,1
2016-03-31,RUB,1,1
2016-03-31,USD,67.6076,1
2016-09-28,EUR,71.6409,1
2016-09-28,GBP,82.5959,1
2016-09-28,RUB,1,1
2016-09-28,USD,63.6921,1
2016-02-09,EUR,85.6543,1
2016-02-09,GBP,111.7795,1
2016-02-09,RUB,1,1
2016-02-09,USD,76.8614,1
2016-08-12,EUR,72.4644,1
2016-08-12,GBP,84.0969,1
2016-08-12,RUB,1,1
2016-08-12,USD,64.9497,1
2017-01-01,EUR,63.8111,1
2017-01-01,GBP,74.5595,1
2017-01-01,RUB,1,1
2017-01-01,USD,60.6569,1
2016-05-16,EUR,73.6248,1
2016-05-16,GBP,93.591,1
2016-05-16,RUB,1,1
2016-05-16,USD,64.9306,1
2016-11-17,EUR,69.2388,1
2016-11-17,GBP,80.4892,1
2016-11-17,RUB,1,1
2016-11-17,USD,64.5463,1
2016-06-30,EUR,71.2102,1
2016-06-30,GBP,86.0472,1
2016-06-30,RUB,1,1
2016-06-30,USD,64.2575,1
2016-09-29,EUR,71.5738,1
2016-09-29,GBP,83.1681,1
2016-09-29,RUB,1,1
2016-09-29,USD,63.9509,1
2016-02-10,EUR,88.0435,1
2016-02-10,GBP,113.6776,1
2016-02-10,RUB,1,1
2016-02-10,USD,78.6805,1
2016-08-13,EUR,71.7158,1
2016-08-13,GBP,83.3414,1
2016-08-13,RUB,1,1
2016-08-13,USD,64.3364,1
2026-04-11,EUR,90.012,1
2026-04-11,GBP,103.2585,1
2026-04-11,RUB,1,1
2026-04-11,USD,76.9724,1
2016-05-17,EUR,73.4549,1
2016-05-17,GBP,93.2981,1
2016-05-17,RUB,1,1
2016-05-17,USD,64.8895,1
2016-07-01,EUR,71.2926,1
2016-07-01,GBP,86.4701,1
2016-07-01,RUB,1,1
2016-07-01,USD,64.1755,1
2016-08-14,EUR,71.7158,1
2016-08-14,GBP,83.3414,1
2016-08-14,RUB,1,1
2016-08-14,USD,64.3364,1
2016-10-01,EUR,70.9338,1
2016-10-01,GBP,82.1359,1
2016-10-01,RUB,1,1
2016-10-01,USD,63.396,1
2016-02-11,EUR,89.2213,1
2016-02-11,GBP,114.6499,1
2016-02-11,RUB,1,1
2016-02-11,USD,79.0689,1
2016-02-12,EUR,89.3439,1
2016-02-12,GBP,114.5023,1
2016-02-12,RUB,1,1
2016-02-12,USD,79.1144,1
2016-10-02,EUR,70.9338,1
2016-10-02,GBP,82.1359,1
2016-10-02,RUB,1,1
2016-10-02,USD,63.396,1
2016-09-30,EUR,70.8823,1
2016-09-30,GBP,82.1813,1
2016-09-30,RUB,1,1
2016-09-30,USD,63.1581,1
2016-08-16,EUR,71.7263,1
2016-08-16,GBP,82.9434,1
2016-08-16,RUB,1,1
2016-08-16,USD,64.2076,1
2016-07-02,EUR,71.0519,1
2016-07-02,GBP,85.1804,1
2016-07-02,RUB,1,1
2016-07-02,USD,64.0165,1
2016-08-15,EUR,71.7158,1
2016-08-15,GBP,83.3414,1
2016-08-15,RUB,1,1
2016-08-15,USD,64.3364,1
2016-02-13,EUR,89.8454,1
2016-02-13,GBP,115.0692,1
2016-02-13,RUB,1,1
2016-02-13,USD,79.4951,1
2016-08-17,EUR,71.9645,1
2016-08-17,GBP,82.7659,1
2016-08-17,RUB,1,1
2016-08-17,USD,63.9514,1
2016-02-15,EUR,89.8454,1
2016-02-15,GBP,115.0692,1
2016-02-15,RUB,1,1
2016-02-15,USD,79.4951,1
2016-02-14,EUR,89.8454,1
2016-02-14,GBP,115.0692,1
2016-02-14,RUB,1,1
2016-02-14,USD,79.4951,1
2016-04-01,EUR,76.9207,1
2016-04-01,GBP,97.4469,1
2016-04-01,RUB,1,1
2016-04-01,USD,67.8552,1
